docID,submitted_at,edinet_code,ticker,filer,doc_type,doc_title,period_from,period_to,url
S100WPU7,2025-09-26 09:00,E12448,,??????????????????,995000,???????????????,,,https://api.edinet-fsa.go.jp/api/v2/documents/S100WPU7?type=5
S100WPLK,2025-09-26 09:00,E12460,,????????????????,995000,???????????????,,,https://api.edinet-fsa.go.jp/api/v2/documents/S100WPLK?type=5
S100WP4J,2025-09-26 09:00,E09666,,??????????????,995000,???????????????,,,https://api.edinet-fsa.go.jp/api/v2/documents/S100WP4J?type=5
S100WGDX,2025-09-26 09:00,E12460,,????????????????,07A000,?????????????????????24?(2025/01/07?2025/07/07),2025-01-07,2025-07-07,https://api.edinet-fsa.go.jp/api/v2/documents/S100WGDX?type=5
S100WKND,2025-09-26 09:00,E12460,,????????????????,04A000,???????????????????,,,https://api.edinet-fsa.go.jp/api/v2/documents/S100WKND?type=5
S100WPLJ,2025-09-26 09:00,E12460,,????????????????,995000,???????????????,,,https://api.edinet-fsa.go.jp/api/v2/documents/S100WPLJ?type=5
S100WPVU,2025-09-26 09:00,E06479,,?????????????????????,995000,???????????????,,,https://api.edinet-fsa.go.jp/api/v2/documents/S100WPVU?type=5
S100WQM2,2025-09-26 09:00,E12430,,????????????????????,04A001,?????????????????????,,,https://api.edinet-fsa.go.jp/api/v2/documents/S100WQM2?type=5
S100WRFC,2025-09-26 09:01,E04674,,??????????,050000,???????65?(2025/01/01?2025/12/31),2025-01-01,2025-12-31,https://api.edinet-fsa.go.jp/api/v2/documents/S100WRFC?type=5
S100WPLI,2025-09-26 09:01,E12460,,????????????????,995000,???????????????,,,https://api.edinet-fsa.go.jp/api/v2/documents/S100WPLI?type=5
S100WPLG,2025-09-26 09:01,E12460,,????????????????,995000,???????????????,,,https://api.edinet-fsa.go.jp/api/v2/documents/S100WPLG?type=5
S100WGDZ,2025-09-26 09:01,E12460,,????????????????,04A001,?????????????????????,,,https://api.edinet-fsa.go.jp/api/v2/documents/S100WGDZ?type=5
S100WQM0,2025-09-26 09:01,E12430,,????????????????????,04A001,?????????????????????,,,https://api.edinet-fsa.go.jp/api/v2/documents/S100WQM0?type=5
S100WKNC,2025-09-26 09:01,E12460,,????????????????,07A000,?????????????????????8?(2024/07/11?2025/07/10),2024-07-11,2025-07-10,https://api.edinet-fsa.go.jp/api/v2/documents/S100WKNC?type=5
S100WP4K,2025-09-26 09:01,E09666,,??????????????,995000,???????????????,,,https://api.edinet-fsa.go.jp/api/v2/documents/S100WP4K?type=5
S100WRCR,2025-09-26 09:02,E22024,45760.T,?????????????????????,053000,?????,,,https://api.edinet-fsa.go.jp/api/v2/documents/S100WRCR?type=5
S100WPLE,2025-09-26 09:02,E12460,,????????????????,995000,???????????????,,,https://api.edinet-fsa.go.jp/api/v2/documents/S100WPLE?type=5
S100WQLX,2025-09-26 09:02,E12430,,????????????????????,04A001,?????????????????????,,,https://api.edinet-fsa.go.jp/api/v2/documents/S100WQLX?type=5
S100WLSI,2025-09-26 09:02,E12460,,????????????????,07A000,?????????????????????29?(2024/07/12?2025/07/11),2024-07-12,2025-07-11,https://api.edinet-fsa.go.jp/api/v2/documents/S100WLSI?type=5
S100WNFY,2025-09-26 09:02,E06748,,????????????????,07A000,?????????????????????28?(2025/01/07?2025/07/03),2025-01-07,2025-07-03,https://api.edinet-fsa.go.jp/api/v2/documents/S100WNFY?type=5
S100WJ47,2025-09-26 09:03,E12441,,???????????????????,04A001,?????????????????????,,,https://api.edinet-fsa.go.jp/api/v2/documents/S100WJ47?type=5
S100WGE2,2025-09-26 09:03,E12460,,????????????????,07A000,?????????????????????20?(2024/07/12?2025/07/11),2024-07-12,2025-07-11,https://api.edinet-fsa.go.jp/api/v2/documents/S100WGE2?type=5
S100WLSJ,2025-09-26 09:03,E12460,,????????????????,04A000,???????????????????,,,https://api.edinet-fsa.go.jp/api/v2/documents/S100WLSJ?type=5
S100WQLW,2025-09-26 09:03,E12430,,????????????????????,04A001,?????????????????????,,,https://api.edinet-fsa.go.jp/api/v2/documents/S100WQLW?type=5
S100WQCO,2025-09-26 09:03,E10677,,?????????????????,995000,???????????????,,,https://api.edinet-fsa.go.jp/api/v2/documents/S100WQCO?type=5
S100WIV2,2025-09-26 09:03,E12434,,???????????????????,07A000,?????????????????????2?(2024/06/28?2025/06/27),2024-06-28,2025-06-27,https://api.edinet-fsa.go.jp/api/v2/documents/S100WIV2?type=5
S100WPS9,2025-09-26 09:04,E12447,,????????????????????,995000,???????????????,,,https://api.edinet-fsa.go.jp/api/v2/documents/S100WPS9?type=5
S100WQLV,2025-09-26 09:04,E12430,,????????????????????,04A001,?????????????????????,,,https://api.edinet-fsa.go.jp/api/v2/documents/S100WQLV?type=5
S100WPPB,2025-09-26 09:04,E12460,,????????????????,04A000,???????????????????,,,https://api.edinet-fsa.go.jp/api/v2/documents/S100WPPB?type=5
S100WGE3,2025-09-26 09:04,E12460,,????????????????,04A000,???????????????????,,,https://api.edinet-fsa.go.jp/api/v2/documents/S100WGE3?type=5
S100WQHY,2025-09-26 09:04,E35933,,??????????????????,995000,???????????????,,,https://api.edinet-fsa.go.jp/api/v2/documents/S100WQHY?type=5
S100WQLP,2025-09-26 09:05,E12430,,????????????????????,04A001,?????????????????????,,,https://api.edinet-fsa.go.jp/api/v2/documents/S100WQLP?type=5
S100WPRA,2025-09-26 09:05,E12437,,????????????????????,995000,???????????????,,,https://api.edinet-fsa.go.jp/api/v2/documents/S100WPRA?type=5
S100WOAK,2025-09-26 09:05,E12444,,???????????????????????,07A000,?????????????????????12?(2024/06/27?2025/06/26),2024-06-27,2025-06-26,https://api.edinet-fsa.go.jp/api/v2/documents/S100WOAK?type=5
S100WQCQ,2025-09-26 09:05,E10677,,?????????????????,995000,???????????????,,,https://api.edinet-fsa.go.jp/api/v2/documents/S100WQCQ?type=5
S100WQJF,2025-09-26 09:05,E35239,,???????,010002,?????,,,https://api.edinet-fsa.go.jp/api/v2/documents/S100WQJF?type=5
S100WKCS,2025-09-26 09:05,E12460,,????????????????,07A000,?????????????????????18?(2025/01/15?2025/07/14),2025-01-15,2025-07-14,https://api.edinet-fsa.go.jp/api/v2/documents/S100WKCS?type=5
S100WR8I,2025-09-26 09:05,E36621,73690.T,????????????????,053000,?????,,,https://api.edinet-fsa.go.jp/api/v2/documents/S100WR8I?type=5
S100WQHZ,2025-09-26 09:06,E35933,,??????????????????,995000,???????????????,,,https://api.edinet-fsa.go.jp/api/v2/documents/S100WQHZ?type=5
S100WLGX,2025-09-26 09:06,E12441,,???????????????????,995000,???????????????,,,https://api.edinet-fsa.go.jp/api/v2/documents/S100WLGX?type=5
S100WQCS,2025-09-26 09:06,E10677,,?????????????????,995000,???????????????,,,https://api.edinet-fsa.go.jp/api/v2/documents/S100WQCS?type=5
S100WPR8,2025-09-26 09:06,E12437,,????????????????????,995000,???????????????,,,https://api.edinet-fsa.go.jp/api/v2/documents/S100WPR8?type=5
S100WKCU,2025-09-26 09:06,E12460,,????????????????,04A000,???????????????????,,,https://api.edinet-fsa.go.jp/api/v2/documents/S100WKCU?type=5
S100WQCR,2025-09-26 09:06,E10677,,?????????????????,995000,???????????????,,,https://api.edinet-fsa.go.jp/api/v2/documents/S100WQCR?type=5
S100WQO2,2025-09-26 09:07,E04634,,?????????????,050000,???????73?(2025/01/01?2025/06/30),2025-01-01,2025-06-30,https://api.edinet-fsa.go.jp/api/v2/documents/S100WQO2?type=5
S100WQ1E,2025-09-26 09:07,E25940,,???????????????,10C000,???????????????????15?(2025/01/01?2025/12/31),2025-01-01,2025-12-31,https://api.edinet-fsa.go.jp/api/v2/documents/S100WQ1E?type=5
S100WLGY,2025-09-26 09:07,E12441,,???????????????????,995000,???????????????,,,https://api.edinet-fsa.go.jp/api/v2/documents/S100WLGY?type=5
S100WQJS,2025-09-26 09:07,E35239,,???????,010002,?????,,,https://api.edinet-fsa.go.jp/api/v2/documents/S100WQJS?type=5
S100WQCT,2025-09-26 09:07,E10677,,?????????????????,995000,???????????????,,,https://api.edinet-fsa.go.jp/api/v2/documents/S100WQCT?type=5
S100WQCV,2025-09-26 09:08,E10677,,?????????????????,995000,???????????????,,,https://api.edinet-fsa.go.jp/api/v2/documents/S100WQCV?type=5
S100WQYH,2025-09-26 09:08,E12457,,???????????????????????????,04A000,???????????????????,,,https://api.edinet-fsa.go.jp/api/v2/documents/S100WQYH?type=5
S100WQYF,2025-09-26 09:08,E04724,,?????????????,050000,???????66?(2025/01/01?2025/12/31),2025-01-01,2025-12-31,https://api.edinet-fsa.go.jp/api/v2/documents/S100WQYF?type=5
S100WNFZ,2025-09-26 09:08,E06748,,????????????????,04A000,???????????????????,,,https://api.edinet-fsa.go.jp/api/v2/documents/S100WNFZ?type=5
S100WOAL,2025-09-26 09:09,E12444,,???????????????????????,04A000,???????????????????,,,https://api.edinet-fsa.go.jp/api/v2/documents/S100WOAL?type=5
S100WPK4,2025-09-26 09:09,E10677,,?????????????????,07A000,?????????????????????40?(2024/12/27?2025/06/26),2024-12-27,2025-06-26,https://api.edinet-fsa.go.jp/api/v2/documents/S100WPK4?type=5
S100WQYL,2025-09-26 09:09,E12457,,???????????????????????????,10A000,???????????????????27?(2024/12/28?2025/12/29),2024-12-28,2025-12-29,https://api.edinet-fsa.go.jp/api/v2/documents/S100WQYL?type=5
S100WQMF,2025-09-26 09:09,E01713,63270.T,????????,030000,?????????69?(2024/07/01?2025/06/30),2024-07-01,2025-06-30,https://api.edinet-fsa.go.jp/api/v2/documents/S100WQMF?type=5
S100WQN7,2025-09-26 09:09,E01713,63270.T,????????,010000,?????????69?(2024/07/01?2025/06/30),,,https://api.edinet-fsa.go.jp/api/v2/documents/S100WQN7?type=5
S100WQCU,2025-09-26 09:09,E10677,,?????????????????,995000,???????????????,,,https://api.edinet-fsa.go.jp/api/v2/documents/S100WQCU?type=5
S100WPIQ,2025-09-26 09:10,E10677,,?????????????????,04A000,???????????????????,,,https://api.edinet-fsa.go.jp/api/v2/documents/S100WPIQ?type=5
S100WMG1,2025-09-26 09:10,E12422,,????????????????????,07A000,?????????????????????3?(2024/07/06?2025/07/07),2024-07-06,2025-07-07,https://api.edinet-fsa.go.jp/api/v2/documents/S100WMG1?type=5
S100WQYN,2025-09-26 09:10,E12457,,???????????????????????????,04A000,???????????????????,,,https://api.edinet-fsa.go.jp/api/v2/documents/S100WQYN?type=5
S100WQN2,2025-09-26 09:10,E01713,63270.T,????????,042000,???,,,https://api.edinet-fsa.go.jp/api/v2/documents/S100WQN2?type=5
S100WR4C,2025-09-26 09:11,E04728,,??????????,050000,???????90?(2025/01/01?2025/12/31),2025-01-01,2025-12-31,https://api.edinet-fsa.go.jp/api/v2/documents/S100WR4C?type=5
S100WRCE,2025-09-26 09:12,E05100,47670.T,???????????????,053000,?????,,,https://api.edinet-fsa.go.jp/api/v2/documents/S100WRCE?type=5
S100WMIO,2025-09-26 09:12,E11764,,?????????????????,07A000,?????????????????????26?(2024/07/02?2025/06/30),2024-07-02,2025-06-30,https://api.edinet-fsa.go.jp/api/v2/documents/S100WMIO?type=5
S100WMIN,2025-09-26 09:12,E11764,,?????????????????,04A000,???????????????????,,,https://api.edinet-fsa.go.jp/api/v2/documents/S100WMIN?type=5
S100WOWK,2025-09-26 09:13,E06748,,????????????????,995000,???????????????,,,https://api.edinet-fsa.go.jp/api/v2/documents/S100WOWK?type=5
S100WQKA,2025-09-26 09:13,E35239,,???????,010002,?????,,,https://api.edinet-fsa.go.jp/api/v2/documents/S100WQKA?type=5
S100WQMZ,2025-09-26 09:13,E00362,,?????????,030000,?????????66?(2024/07/01?2025/06/30),2024-07-01,2025-06-30,https://api.edinet-fsa.go.jp/api/v2/documents/S100WQMZ?type=5
S100WQJU,2025-09-26 09:14,E35239,,???????,010002,?????,,,https://api.edinet-fsa.go.jp/api/v2/documents/S100WQJU?type=5
S100WMG2,2025-09-26 09:15,E12422,,????????????????????,04A000,???????????????????,,,https://api.edinet-fsa.go.jp/api/v2/documents/S100WMG2?type=5
S100WRFV,2025-09-26 09:15,E12457,,???????????????????????????,10A000,???????????????????4?(2024/12/28?2025/12/29),2024-12-28,2025-12-29,https://api.edinet-fsa.go.jp/api/v2/documents/S100WRFV?type=5
S100WQJW,2025-09-26 09:16,E35239,,???????,010002,?????,,,https://api.edinet-fsa.go.jp/api/v2/documents/S100WQJW?type=5
S100WREW,2025-09-26 09:16,E04670,,??????????,050000,???????55?(2025/01/01?2025/12/31),2025-01-01,2025-12-31,https://api.edinet-fsa.go.jp/api/v2/documents/S100WREW?type=5
S100WOWL,2025-09-26 09:16,E06748,,????????????????,995000,???????????????,,,https://api.edinet-fsa.go.jp/api/v2/documents/S100WOWL?type=5
S100WQYS,2025-09-26 09:16,E12457,,???????????????????????????,07A000,?????????????????????3?(2024/06/29?2025/06/30),2024-06-29,2025-06-30,https://api.edinet-fsa.go.jp/api/v2/documents/S100WQYS?type=5
S100WLC4,2025-09-26 09:16,E12453,,??????????????????,07A000,?????????????????????24?(2024/12/31?2025/06/30),2024-12-31,2025-06-30,https://api.edinet-fsa.go.jp/api/v2/documents/S100WLC4?type=5
S100WQYX,2025-09-26 09:17,E12457,,???????????????????????????,07A000,?????????????????????2?(2024/06/29?2025/06/30),2024-06-29,2025-06-30,https://api.edinet-fsa.go.jp/api/v2/documents/S100WQYX?type=5
S100WLC7,2025-09-26 09:17,E12453,,??????????????????,04A000,???????????????????,,,https://api.edinet-fsa.go.jp/api/v2/documents/S100WLC7?type=5
S100WQJX,2025-09-26 09:18,E35239,,???????,010002,?????,,,https://api.edinet-fsa.go.jp/api/v2/documents/S100WQJX?type=5
S100WQTG,2025-09-26 09:18,E12444,,???????????????????????,010002,?????,,,https://api.edinet-fsa.go.jp/api/v2/documents/S100WQTG?type=5
S100WOWM,2025-09-26 09:19,E06748,,????????????????,995000,???????????????,,,https://api.edinet-fsa.go.jp/api/v2/documents/S100WOWM?type=5
S100WQJY,2025-09-26 09:19,E35239,,???????,010002,?????,,,https://api.edinet-fsa.go.jp/api/v2/documents/S100WQJY?type=5
S100WMFQ,2025-09-26 09:19,E12422,,????????????????????,07A000,?????????????????????3?(2024/07/06?2025/07/07),2024-07-06,2025-07-07,https://api.edinet-fsa.go.jp/api/v2/documents/S100WMFQ?type=5
S100WQK0,2025-09-26 09:20,E35239,,???????,010002,?????,,,https://api.edinet-fsa.go.jp/api/v2/documents/S100WQK0?type=5
S100WPU2,2025-09-26 09:21,E06433,,??????????????????,995000,???????????????,,,https://api.edinet-fsa.go.jp/api/v2/documents/S100WPU2?type=5
S100WQK7,2025-09-26 09:21,E35239,,???????,010002,?????,,,https://api.edinet-fsa.go.jp/api/v2/documents/S100WQK7?type=5
S100WOWP,2025-09-26 09:21,E06748,,????????????????,995000,???????????????,,,https://api.edinet-fsa.go.jp/api/v2/documents/S100WOWP?type=5
S100WQK1,2025-09-26 09:22,E35239,,???????,010002,?????,,,https://api.edinet-fsa.go.jp/api/v2/documents/S100WQK1?type=5
S100WPVP,2025-09-26 09:23,E31533,,???????????????????????,995000,???????????????,,,https://api.edinet-fsa.go.jp/api/v2/documents/S100WPVP?type=5
S100WMFX,2025-09-26 09:24,E12422,,????????????????????,04A000,???????????????????,,,https://api.edinet-fsa.go.jp/api/v2/documents/S100WMFX?type=5
S100WOVC,2025-09-26 09:24,E04721,,????????????,050000,???????26?(2025/01/01?2025/12/31),2025-01-01,2025-12-31,https://api.edinet-fsa.go.jp/api/v2/documents/S100WOVC?type=5
S100WQK2,2025-09-26 09:24,E35239,,???????,010002,?????,,,https://api.edinet-fsa.go.jp/api/v2/documents/S100WQK2?type=5
S100WQKE,2025-09-26 09:25,E35239,,???????,010002,?????,,,https://api.edinet-fsa.go.jp/api/v2/documents/S100WQKE?type=5
S100WR7K,2025-09-26 09:25,E14394,,??????????????,07B000,?????????????????38?(2025/01/01?2025/06/30),2025-01-01,2025-06-30,https://api.edinet-fsa.go.jp/api/v2/documents/S100WR7K?type=5
S100WOWQ,2025-09-26 09:25,E06748,,????????????????,995000,???????????????,,,https://api.edinet-fsa.go.jp/api/v2/documents/S100WOWQ?type=5
S100WQQO,2025-09-26 09:27,E12422,,????????????????????,995000,???????????????,,,https://api.edinet-fsa.go.jp/api/v2/documents/S100WQQO?type=5
S100WQ51,2025-09-26 09:27,E35239,,???????,010002,?????,,,https://api.edinet-fsa.go.jp/api/v2/documents/S100WQ51?type=5
S100WQZ1,2025-09-26 09:28,E02324,68880.T,????????,053000,?????,,,https://api.edinet-fsa.go.jp/api/v2/documents/S100WQZ1?type=5
S100WQK3,2025-09-26 09:28,E35239,,???????,010002,?????,,,https://api.edinet-fsa.go.jp/api/v2/documents/S100WQK3?type=5
S100WNKZ,2025-09-26 09:28,E06115,,?????????????????????????,030000,???????,2024-01-01,2024-12-31,https://api.edinet-fsa.go.jp/api/v2/documents/S100WNKZ?type=5
S100WQ5H,2025-09-26 09:29,E35239,,???????,010002,?????,,,https://api.edinet-fsa.go.jp/api/v2/documents/S100WQ5H?type=5
S100WQ5I,2025-09-26 09:30,E35239,,???????,010002,?????,,,https://api.edinet-fsa.go.jp/api/v2/documents/S100WQ5I?type=5
S100WMKC,2025-09-26 09:31,E06748,,????????????????,04A001,?????????????????????,,,https://api.edinet-fsa.go.jp/api/v2/documents/S100WMKC?type=5
S100WQ5K,2025-09-26 09:32,E35239,,???????,010002,?????,,,https://api.edinet-fsa.go.jp/api/v2/documents/S100WQ5K?type=5
S100WQLC,2025-09-26 09:33,E04663,,????????????,050000,???????62?(2025/01/01?2025/12/31),2025-01-01,2025-12-31,https://api.edinet-fsa.go.jp/api/v2/documents/S100WQLC?type=5
S100WO6F,2025-09-26 09:37,E05916,,????????????????????,100000,?????,2025-01-01,2025-12-31,https://api.edinet-fsa.go.jp/api/v2/documents/S100WO6F?type=5
S100WQ5U,2025-09-26 09:37,E35239,,???????,010002,?????,,,https://api.edinet-fsa.go.jp/api/v2/documents/S100WQ5U?type=5
S100WQ5P,2025-09-26 09:39,E35239,,???????,010002,?????,,,https://api.edinet-fsa.go.jp/api/v2/documents/S100WQ5P?type=5
S100WQL1,2025-09-26 09:40,E35239,,???????,010002,?????,,,https://api.edinet-fsa.go.jp/api/v2/documents/S100WQL1?type=5
S100WQJJ,2025-09-26 09:42,E35239,,???????,010002,?????,,,https://api.edinet-fsa.go.jp/api/v2/documents/S100WQJJ?type=5
S100WRFQ,2025-09-26 09:42,E04972,46570.T,????????????,053000,?????,,,https://api.edinet-fsa.go.jp/api/v2/documents/S100WRFQ?type=5
S100WQ5D,2025-09-26 09:43,E35239,,???????,010002,?????,,,https://api.edinet-fsa.go.jp/api/v2/documents/S100WQ5D?type=5
S100WQI1,2025-09-26 09:44,E35239,,???????,010002,?????,,,https://api.edinet-fsa.go.jp/api/v2/documents/S100WQI1?type=5
S100WQ5R,2025-09-26 09:45,E35239,,???????,010002,?????,,,https://api.edinet-fsa.go.jp/api/v2/documents/S100WQ5R?type=5
S100WRFW,2025-09-26 09:45,E35410,,???????????????,010002,?????,,,https://api.edinet-fsa.go.jp/api/v2/documents/S100WRFW?type=5
S100WQJC,2025-09-26 09:46,E35239,,???????,010002,?????,,,https://api.edinet-fsa.go.jp/api/v2/documents/S100WQJC?type=5
S100WQK4,2025-09-26 09:46,E35239,,???????,010002,?????,,,https://api.edinet-fsa.go.jp/api/v2/documents/S100WQK4?type=5
S100WQIU,2025-09-26 09:47,E35239,,???????,010002,?????,,,https://api.edinet-fsa.go.jp/api/v2/documents/S100WQIU?type=5
S100WRG2,2025-09-26 09:48,E33392,78090.T,??????,053000,?????,,,https://api.edinet-fsa.go.jp/api/v2/documents/S100WRG2?type=5
S100WQJK,2025-09-26 09:48,E35239,,???????,010002,?????,,,https://api.edinet-fsa.go.jp/api/v2/documents/S100WQJK?type=5
S100WQ6B,2025-09-26 09:48,E35239,,???????,010002,?????,,,https://api.edinet-fsa.go.jp/api/v2/documents/S100WQ6B?type=5
S100WQKG,2025-09-26 09:50,E35239,,???????,010002,?????,,,https://api.edinet-fsa.go.jp/api/v2/documents/S100WQKG?type=5
S100WQ62,2025-09-26 09:51,E35239,,???????,010002,?????,,,https://api.edinet-fsa.go.jp/api/v2/documents/S100WQ62?type=5
S100WQKF,2025-09-26 09:52,E35239,,???????,010002,?????,,,https://api.edinet-fsa.go.jp/api/v2/documents/S100WQKF?type=5
S100WQW4,2025-09-26 09:52,E35239,,???????,010002,?????,,,https://api.edinet-fsa.go.jp/api/v2/documents/S100WQW4?type=5
S100WQIV,2025-09-26 09:53,E35239,,???????,010002,?????,,,https://api.edinet-fsa.go.jp/api/v2/documents/S100WQIV?type=5
S100WQ6A,2025-09-26 09:54,E35239,,???????,010002,?????,,,https://api.edinet-fsa.go.jp/api/v2/documents/S100WQ6A?type=5
S100WQI3,2025-09-26 09:55,E35239,,???????,010002,?????,,,https://api.edinet-fsa.go.jp/api/v2/documents/S100WQI3?type=5
S100WQ6H,2025-09-26 09:55,E35239,,???????,010002,?????,,,https://api.edinet-fsa.go.jp/api/v2/documents/S100WQ6H?type=5
S100WQI4,2025-09-26 09:55,E35239,,???????,010002,?????,,,https://api.edinet-fsa.go.jp/api/v2/documents/S100WQI4?type=5
S100WQ22,2025-09-26 09:56,E27035,,???????,090001,????????????????????,,,https://api.edinet-fsa.go.jp/api/v2/documents/S100WQ22?type=5
S100WQ6L,2025-09-26 09:57,E35239,,???????,010002,?????,,,https://api.edinet-fsa.go.jp/api/v2/documents/S100WQ6L?type=5
S100WPAE,2025-09-26 09:57,E06087,,????????????,050000,?????,,,https://api.edinet-fsa.go.jp/api/v2/documents/S100WPAE?type=5
S100WQK5,2025-09-26 09:59,E35239,,???????,010002,?????,,,https://api.edinet-fsa.go.jp/api/v2/documents/S100WQK5?type=5
S100WRDM,2025-09-26 10:00,E25648,21170.T,?????????????,023001,???????????????,,,https://api.edinet-fsa.go.jp/api/v2/documents/S100WRDM?type=5
S100WQK6,2025-09-26 10:00,E35239,,???????,010002,?????,,,https://api.edinet-fsa.go.jp/api/v2/documents/S100WQK6?type=5
S100WRG9,2025-09-26 10:00,E02604,,???????????,024001,????????????????,,,https://api.edinet-fsa.go.jp/api/v2/documents/S100WRG9?type=5
S100WRGA,2025-09-26 10:01,E02604,,???????????,020001,???????????????,,,https://api.edinet-fsa.go.jp/api/v2/documents/S100WRGA?type=5
S100WQK8,2025-09-26 10:01,E35239,,???????,010002,?????,,,https://api.edinet-fsa.go.jp/api/v2/documents/S100WQK8?type=5
S100WQK9,2025-09-26 10:03,E35239,,???????,010002,?????,,,https://api.edinet-fsa.go.jp/api/v2/documents/S100WQK9?type=5
S100WQTT,2025-09-26 10:03,E14843,,???????????????????????,10C000,???????????????????34?(2025/01/01?2025/12/31),2025-01-01,2025-12-31,https://api.edinet-fsa.go.jp/api/v2/documents/S100WQTT?type=5
S100WQKB,2025-09-26 10:04,E35239,,???????,010002,?????,,,https://api.edinet-fsa.go.jp/api/v2/documents/S100WQKB?type=5
S100WQTX,2025-09-26 10:04,E14843,,???????????????????????,04C001,?????????????????????,,,https://api.edinet-fsa.go.jp/api/v2/documents/S100WQTX?type=5
S100WQKC,2025-09-26 10:05,E35239,,???????,010002,?????,,,https://api.edinet-fsa.go.jp/api/v2/documents/S100WQKC?type=5
S100WR04,2025-09-26 10:05,E04700,,???????????????,050000,???????68?(2025/01/01?2025/12/31),2025-01-01,2025-12-31,https://api.edinet-fsa.go.jp/api/v2/documents/S100WR04?type=5
S100WRGL,2025-09-26 10:06,E38452,93440.T,????????????????,053000,?????,,,https://api.edinet-fsa.go.jp/api/v2/documents/S100WRGL?type=5
S100WQKD,2025-09-26 10:06,E35239,,???????,010002,?????,,,https://api.edinet-fsa.go.jp/api/v2/documents/S100WQKD?type=5
S100WQJ3,2025-09-26 10:09,E35239,,???????,010002,?????,,,https://api.edinet-fsa.go.jp/api/v2/documents/S100WQJ3?type=5
S100WQJL,2025-09-26 10:09,E35239,,???????,010002,?????,,,https://api.edinet-fsa.go.jp/api/v2/documents/S100WQJL?type=5
S100WQ9V,2025-09-26 10:10,E02920,34260.T,?????????????,030000,?????????71?(2024/07/01?2025/06/30),2024-07-01,2025-06-30,https://api.edinet-fsa.go.jp/api/v2/documents/S100WQ9V?type=5
S100WQ5T,2025-09-26 10:10,E35239,,???????,010002,?????,,,https://api.edinet-fsa.go.jp/api/v2/documents/S100WQ5T?type=5
S100WQI6,2025-09-26 10:10,E35239,,???????,010002,?????,,,https://api.edinet-fsa.go.jp/api/v2/documents/S100WQI6?type=5
S100WQJ6,2025-09-26 10:11,E04652,,???????????,050000,???????69?(2025/01/01?2025/12/31),2025-01-01,2025-12-31,https://api.edinet-fsa.go.jp/api/v2/documents/S100WQJ6?type=5
S100WQBF,2025-09-26 10:11,E41018,,????????????,010000,???????,,,https://api.edinet-fsa.go.jp/api/v2/documents/S100WQBF?type=5
S100WQA1,2025-09-26 10:12,E02920,34260.T,?????????????,042000,???,,,https://api.edinet-fsa.go.jp/api/v2/documents/S100WQA1?type=5
S100WQFX,2025-09-26 10:12,E35239,,???????,010002,?????,,,https://api.edinet-fsa.go.jp/api/v2/documents/S100WQFX?type=5
S100WQI7,2025-09-26 10:12,E35239,,???????,010002,?????,,,https://api.edinet-fsa.go.jp/api/v2/documents/S100WQI7?type=5
S100WQ5W,2025-09-26 10:13,E35239,,???????,010002,?????,,,https://api.edinet-fsa.go.jp/api/v2/documents/S100WQ5W?type=5
S100WQA2,2025-09-26 10:13,E02920,34260.T,?????????????,010000,?????????71?(2024/07/01?2025/06/30),,,https://api.edinet-fsa.go.jp/api/v2/documents/S100WQA2?type=5
S100WQJA,2025-09-26 10:14,E35239,,???????,010002,?????,,,https://api.edinet-fsa.go.jp/api/v2/documents/S100WQJA?type=5
S100WQJM,2025-09-26 10:14,E35239,,???????,010002,?????,,,https://api.edinet-fsa.go.jp/api/v2/documents/S100WQJM?type=5
S100WQI8,2025-09-26 10:16,E35239,,???????,010002,?????,,,https://api.edinet-fsa.go.jp/api/v2/documents/S100WQI8?type=5
S100WQG3,2025-09-26 10:16,E35239,,???????,010002,?????,,,https://api.edinet-fsa.go.jp/api/v2/documents/S100WQG3?type=5
S100WQ6O,2025-09-26 10:17,E35239,,???????,010002,?????,,,https://api.edinet-fsa.go.jp/api/v2/documents/S100WQ6O?type=5
S100WQJN,2025-09-26 10:17,E35239,,???????,010002,?????,,,https://api.edinet-fsa.go.jp/api/v2/documents/S100WQJN?type=5
S100WQIA,2025-09-26 10:18,E35239,,???????,010002,?????,,,https://api.edinet-fsa.go.jp/api/v2/documents/S100WQIA?type=5
S100WQG7,2025-09-26 10:18,E35239,,???????,010002,?????,,,https://api.edinet-fsa.go.jp/api/v2/documents/S100WQG7?type=5
S100WQ68,2025-09-26 10:19,E35239,,???????,010002,?????,,,https://api.edinet-fsa.go.jp/api/v2/documents/S100WQ68?type=5
S100WQIW,2025-09-26 10:19,E35239,,???????,010002,?????,,,https://api.edinet-fsa.go.jp/api/v2/documents/S100WQIW?type=5
S100WQ76,2025-09-26 10:20,E35239,,???????,010002,?????,,,https://api.edinet-fsa.go.jp/api/v2/documents/S100WQ76?type=5
S100WQJO,2025-09-26 10:21,E35239,,???????,010002,?????,,,https://api.edinet-fsa.go.jp/api/v2/documents/S100WQJO?type=5
S100WQFK,2025-09-26 10:22,E35239,,???????,010002,?????,,,https://api.edinet-fsa.go.jp/api/v2/documents/S100WQFK?type=5
S100WQJR,2025-09-26 10:23,E35239,,???????,010002,?????,,,https://api.edinet-fsa.go.jp/api/v2/documents/S100WQJR?type=5
S100WR2I,2025-09-26 10:24,E33838,65710.T,????????????????????,053000,?????,,,https://api.edinet-fsa.go.jp/api/v2/documents/S100WR2I?type=5
S100WQ64,2025-09-26 10:25,E35239,,???????,010002,?????,,,https://api.edinet-fsa.go.jp/api/v2/documents/S100WQ64?type=5
S100WQIB,2025-09-26 10:26,E35239,,???????,010002,?????,,,https://api.edinet-fsa.go.jp/api/v2/documents/S100WQIB?type=5
S100WLX5,2025-09-26 10:27,E35693,,?????????????????,10C000,???????????????????26?(2025/01/01?2025/12/31),2025-01-01,2025-12-31,https://api.edinet-fsa.go.jp/api/v2/documents/S100WLX5?type=5
S100WQJI,2025-09-26 10:27,E35239,,???????,010002,?????,,,https://api.edinet-fsa.go.jp/api/v2/documents/S100WQJI?type=5
S100WQIX,2025-09-26 10:27,E35239,,???????,010002,?????,,,https://api.edinet-fsa.go.jp/api/v2/documents/S100WQIX?type=5
S100WQ63,2025-09-26 10:28,E35239,,???????,010002,?????,,,https://api.edinet-fsa.go.jp/api/v2/documents/S100WQ63?type=5
S100WQID,2025-09-26 10:28,E35239,,???????,010002,?????,,,https://api.edinet-fsa.go.jp/api/v2/documents/S100WQID?type=5
S100WQSP,2025-09-26 10:28,E04339,93610.T,??????????,030000,?????????108?(2024/07/01?2025/06/30),2024-07-01,2025-06-30,https://api.edinet-fsa.go.jp/api/v2/documents/S100WQSP?type=5
S100WQ61,2025-09-26 10:29,E35239,,???????,010002,?????,,,https://api.edinet-fsa.go.jp/api/v2/documents/S100WQ61?type=5
S100WQ5S,2025-09-26 10:29,E35239,,???????,010002,?????,,,https://api.edinet-fsa.go.jp/api/v2/documents/S100WQ5S?type=5
S100WQ5Y,2025-09-26 10:30,E35239,,???????,010002,?????,,,https://api.edinet-fsa.go.jp/api/v2/documents/S100WQ5Y?type=5
S100WQ5Z,2025-09-26 10:31,E35239,,???????,010002,?????,,,https://api.edinet-fsa.go.jp/api/v2/documents/S100WQ5Z?type=5
S100WRCT,2025-09-26 10:31,E02928,26890.T,????????????????????,053000,?????,,,https://api.edinet-fsa.go.jp/api/v2/documents/S100WRCT?type=5
S100WQVM,2025-09-26 10:31,E35239,,???????,010002,?????,,,https://api.edinet-fsa.go.jp/api/v2/documents/S100WQVM?type=5
S100WQIY,2025-09-26 10:32,E35239,,???????,010002,?????,,,https://api.edinet-fsa.go.jp/api/v2/documents/S100WQIY?type=5
S100WQJE,2025-09-26 10:32,E35239,,???????,010002,?????,,,https://api.edinet-fsa.go.jp/api/v2/documents/S100WQJE?type=5
S100WQIF,2025-09-26 10:33,E35239,,???????,010002,?????,,,https://api.edinet-fsa.go.jp/api/v2/documents/S100WQIF?type=5
S100WQJT,2025-09-26 10:33,E35239,,???????,010002,?????,,,https://api.edinet-fsa.go.jp/api/v2/documents/S100WQJT?type=5
S100WQIN,2025-09-26 10:34,E35239,,???????,010002,?????,,,https://api.edinet-fsa.go.jp/api/v2/documents/S100WQIN?type=5
S100WQJQ,2025-09-26 10:34,E35239,,???????,010002,?????,,,https://api.edinet-fsa.go.jp/api/v2/documents/S100WQJQ?type=5
S100WQIO,2025-09-26 10:35,E35239,,???????,010002,?????,,,https://api.edinet-fsa.go.jp/api/v2/documents/S100WQIO?type=5
S100WQJD,2025-09-26 10:35,E35239,,???????,010002,?????,,,https://api.edinet-fsa.go.jp/api/v2/documents/S100WQJD?type=5
S100WNG2,2025-09-26 10:35,E05792,,?????,100000,?????,2025-01-01,2025-12-31,https://api.edinet-fsa.go.jp/api/v2/documents/S100WNG2?type=5
S100WQIR,2025-09-26 10:36,E35239,,???????,010002,?????,,,https://api.edinet-fsa.go.jp/api/v2/documents/S100WQIR?type=5
S100WQJV,2025-09-26 10:37,E35239,,???????,010002,?????,,,https://api.edinet-fsa.go.jp/api/v2/documents/S100WQJV?type=5
S100WRHQ,2025-09-26 10:46,E27868,56980.T,??????????????????,053000,?????,,,https://api.edinet-fsa.go.jp/api/v2/documents/S100WRHQ?type=5
S100WREY,2025-09-26 10:48,E31575,62390.T,????????,053000,?????,,,https://api.edinet-fsa.go.jp/api/v2/documents/S100WREY?type=5
S100WQKI,2025-09-26 10:52,E35239,,???????,010002,?????,,,https://api.edinet-fsa.go.jp/api/v2/documents/S100WQKI?type=5
S100WR07,2025-09-26 10:53,E04642,,????????,050000,???????66?(2025/01/01?2025/12/31),2025-01-01,2025-12-31,https://api.edinet-fsa.go.jp/api/v2/documents/S100WR07?type=5
S100WRG1,2025-09-26 10:57,E33839,94500.T,????????????,053000,?????,,,https://api.edinet-fsa.go.jp/api/v2/documents/S100WRG1?type=5
S100WRDG,2025-09-26 11:00,E39906,241A0.T,????????,053000,?????,,,https://api.edinet-fsa.go.jp/api/v2/documents/S100WRDG?type=5
S100WREX,2025-09-26 11:02,E05742,36250.T,???????????????????,053000,?????,,,https://api.edinet-fsa.go.jp/api/v2/documents/S100WREX?type=5
S100WR3R,2025-09-26 11:03,E11943,,????????,010002,?????,,,https://api.edinet-fsa.go.jp/api/v2/documents/S100WR3R?type=5
S100WRIG,2025-09-26 11:03,E04339,93610.T,??????????,042000,???,,,https://api.edinet-fsa.go.jp/api/v2/documents/S100WRIG?type=5
S100WPOX,2025-09-26 11:04,E15194,,?????????????????????,07C000,?????????????????????20?(2024/04/01?2025/03/31),2024-04-01,2025-03-31,https://api.edinet-fsa.go.jp/api/v2/documents/S100WPOX?type=5
S100WQUE,2025-09-26 11:04,E04339,93610.T,??????????,010000,?????????108?(2024/07/01?2025/06/30),,,https://api.edinet-fsa.go.jp/api/v2/documents/S100WQUE?type=5
S100WRI1,2025-09-26 11:06,E39104,,?????????,102000,?????,,,https://api.edinet-fsa.go.jp/api/v2/documents/S100WRI1?type=5
S100WQ2Y,2025-09-26 11:07,E27669,,?????????????????????????????????????,100000,?????,2025-01-01,2025-12-31,https://api.edinet-fsa.go.jp/api/v2/documents/S100WQ2Y?type=5
S100WQH7,2025-09-26 11:15,E38460,52560.T,?????????,053000,?????,,,https://api.edinet-fsa.go.jp/api/v2/documents/S100WQH7?type=5
S100WRCV,2025-09-26 11:21,E32683,65420.T,??????????????,030000,?????????9?(2024/07/01?2025/06/30),2024-07-01,2025-06-30,https://api.edinet-fsa.go.jp/api/v2/documents/S100WRCV?type=5
S100WRCW,2025-09-26 11:22,E32683,65420.T,??????????????,042000,???,,,https://api.edinet-fsa.go.jp/api/v2/documents/S100WRCW?type=5
S100WRC0,2025-09-26 11:23,E32988,65470.T,?????????,053000,?????,,,https://api.edinet-fsa.go.jp/api/v2/documents/S100WRC0?type=5
S100WRCX,2025-09-26 11:24,E32683,65420.T,??????????????,010000,?????????9?(2024/07/01?2025/06/30),,,https://api.edinet-fsa.go.jp/api/v2/documents/S100WRCX?type=5
S100WRI6,2025-09-26 11:28,E25785,,??????????,010000,???????,,,https://api.edinet-fsa.go.jp/api/v2/documents/S100WRI6?type=5
S100WRCY,2025-09-26 11:28,E32683,65420.T,??????????????,053000,?????,,,https://api.edinet-fsa.go.jp/api/v2/documents/S100WRCY?type=5
S100WQP4,2025-09-26 11:30,E24465,73710.T,??????????,053000,?????,,,https://api.edinet-fsa.go.jp/api/v2/documents/S100WQP4?type=5
S100WQ43,2025-09-26 11:30,E40115,,??????????????????,010002,?????,,,https://api.edinet-fsa.go.jp/api/v2/documents/S100WQ43?type=5
S100WRG8,2025-09-26 11:34,E40873,,????????,054000,?????????????????54?(2024/06/01?2025/05/31),,,https://api.edinet-fsa.go.jp/api/v2/documents/S100WRG8?type=5
S100WRC7,2025-09-26 11:35,E04008,89120.T,???????????,053000,?????,,,https://api.edinet-fsa.go.jp/api/v2/documents/S100WRC7?type=5
S100WRJI,2025-09-26 11:42,E25817,36550.T,???????????,053000,?????,,,https://api.edinet-fsa.go.jp/api/v2/documents/S100WRJI?type=5
S100WRJJ,2025-09-26 11:50,E01208,52830.T,???????,053000,?????,,,https://api.edinet-fsa.go.jp/api/v2/documents/S100WRJJ?type=5
S100WQ3R,2025-09-26 11:51,E14830,,?????????????????????????????????,10D000,???????????????53?(2025/01/01?2025/12/31),2025-01-01,2025-12-31,https://api.edinet-fsa.go.jp/api/v2/documents/S100WQ3R?type=5
S100WR6F,2025-09-26 11:53,E03404,27620.T,?????????????????????????,053000,?????,,,https://api.edinet-fsa.go.jp/api/v2/documents/S100WR6F?type=5
S100WRCI,2025-09-26 11:55,E05740,21720.T,?????????,030000,?????????51?(2024/07/01?2025/06/30),2024-07-01,2025-06-30,https://api.edinet-fsa.go.jp/api/v2/documents/S100WRCI?type=5
S100WRDB,2025-09-26 11:56,E05740,21720.T,?????????,010000,?????????51?(2024/07/01?2025/06/30),,,https://api.edinet-fsa.go.jp/api/v2/documents/S100WRDB?type=5
S100WRDE,2025-09-26 11:57,E05740,21720.T,?????????,042000,???,,,https://api.edinet-fsa.go.jp/api/v2/documents/S100WRDE?type=5
S100WRDF,2025-09-26 12:03,E05740,21720.T,?????????,053000,?????,,,https://api.edinet-fsa.go.jp/api/v2/documents/S100WRDF?type=5
S100WRAP,2025-09-26 12:07,E02491,34390.T,???????,053000,?????,,,https://api.edinet-fsa.go.jp/api/v2/documents/S100WRAP?type=5
S100WRJU,2025-09-26 12:17,E02738,98160.T,????????????,053000,?????,,,https://api.edinet-fsa.go.jp/api/v2/documents/S100WRJU?type=5
S100WRJT,2025-09-26 12:22,E31343,60380.T,???????,053000,?????,,,https://api.edinet-fsa.go.jp/api/v2/documents/S100WRJT?type=5
S100WRHA,2025-09-26 12:47,E38703,,????????,082300,?????????,2025-01-01,2025-12-31,https://api.edinet-fsa.go.jp/api/v2/documents/S100WRHA?type=5
S100WQA5,2025-09-26 12:47,E02349,77470.T,???????????,053000,?????,,,https://api.edinet-fsa.go.jp/api/v2/documents/S100WQA5?type=5
S100WRL6,2025-09-26 13:00,E33110,65480.T,???????,053000,?????,,,https://api.edinet-fsa.go.jp/api/v2/documents/S100WRL6?type=5
S100WRKW,2025-09-26 13:01,E33110,65480.T,???????,053000,?????,,,https://api.edinet-fsa.go.jp/api/v2/documents/S100WRKW?type=5
S100WRHF,2025-09-26 13:03,E02892,75990.T,????????,113001,???????,,,https://api.edinet-fsa.go.jp/api/v2/documents/S100WRHF?type=5
S100WRGO,2025-09-26 13:08,E22528,,????????????????,082300,?????????,2025-01-01,2025-12-31,https://api.edinet-fsa.go.jp/api/v2/documents/S100WRGO?type=5
S100WQLR,2025-09-26 13:11,E03567,83620.T,????????,030001,???????????205?(2024/04/01?2025/03/31),,,https://api.edinet-fsa.go.jp/api/v2/documents/S100WQLR?type=5
S100WRGH,2025-09-26 13:14,E03475,30280.T,????????,053000,?????,,,https://api.edinet-fsa.go.jp/api/v2/documents/S100WRGH?type=5
S100WRL1,2025-09-26 13:14,E33777,34460.T,??????????????????,030000,?????????32?(2024/07/01?2025/06/30),2024-07-01,2025-06-30,https://api.edinet-fsa.go.jp/api/v2/documents/S100WRL1?type=5
S100WRL9,2025-09-26 13:16,E33777,34460.T,??????????????????,010000,?????????32?(2024/07/01?2025/06/30),,,https://api.edinet-fsa.go.jp/api/v2/documents/S100WRL9?type=5
S100WRLH,2025-09-26 13:17,E33777,34460.T,??????????????????,042000,???,,,https://api.edinet-fsa.go.jp/api/v2/documents/S100WRLH?type=5
S100WRGF,2025-09-26 13:18,E39488,176A0.T,???????,030000,?????????31?(2024/07/01?2025/06/30),2024-07-01,2025-06-30,https://api.edinet-fsa.go.jp/api/v2/documents/S100WRGF?type=5
S100WRGD,2025-09-26 13:19,E39488,176A0.T,???????,042000,???,,,https://api.edinet-fsa.go.jp/api/v2/documents/S100WRGD?type=5
S100WRGE,2025-09-26 13:20,E39488,176A0.T,???????,010000,?????????31?(2024/07/01?2025/06/30),,,https://api.edinet-fsa.go.jp/api/v2/documents/S100WRGE?type=5
S100WRJY,2025-09-26 13:21,E39488,176A0.T,???????,053000,?????,,,https://api.edinet-fsa.go.jp/api/v2/documents/S100WRJY?type=5
S100WRLO,2025-09-26 13:21,E03567,83620.T,????????,042100,???,,,https://api.edinet-fsa.go.jp/api/v2/documents/S100WRLO?type=5
S100WNTT,2025-09-26 13:42,E31848,,??????????,010000,???????,,,https://api.edinet-fsa.go.jp/api/v2/documents/S100WNTT?type=5
S100WRM2,2025-09-26 13:43,E03006,30760.T,??????????????,030000,?????????19?(2024/07/01?2025/06/30),2024-07-01,2025-06-30,https://api.edinet-fsa.go.jp/api/v2/documents/S100WRM2?type=5
S100WPUU,2025-09-26 13:44,E05931,,??????????????????????,100000,?????,2025-01-01,2025-12-31,https://api.edinet-fsa.go.jp/api/v2/documents/S100WPUU?type=5
S100WRM5,2025-09-26 13:44,E03006,30760.T,??????????????,042000,???,,,https://api.edinet-fsa.go.jp/api/v2/documents/S100WRM5?type=5
S100WRM1,2025-09-26 13:46,E39408,157A0.T,?????????????,053000,?????,,,https://api.edinet-fsa.go.jp/api/v2/documents/S100WRM1?type=5
S100WRMA,2025-09-26 13:48,E03006,30760.T,??????????????,010000,?????????19?(2024/07/01?2025/06/30),,,https://api.edinet-fsa.go.jp/api/v2/documents/S100WRMA?type=5
S100WREB,2025-09-26 13:49,E39183,,??????????,025000,??????????????,,,https://api.edinet-fsa.go.jp/api/v2/documents/S100WREB?type=5
S100WPJF,2025-09-26 13:58,E05884,,???????????,082300,?????????,2025-01-01,2025-12-31,https://api.edinet-fsa.go.jp/api/v2/documents/S100WPJF?type=5
S100WRBR,2025-09-26 14:02,E01235,54100.T,????????,113001,???????,,,https://api.edinet-fsa.go.jp/api/v2/documents/S100WRBR?type=5
S100WRDR,2025-09-26 14:06,E05846,,????,100000,???????82?(2025/01/01?2025/12/31),2025-01-01,2025-12-31,https://api.edinet-fsa.go.jp/api/v2/documents/S100WRDR?type=5
S100WRAT,2025-09-26 14:07,E05839,,????,100000,?????,2025-01-01,2025-12-31,https://api.edinet-fsa.go.jp/api/v2/documents/S100WRAT?type=5
S100WRG6,2025-09-26 14:12,E09037,,??????????????,090001,????????????????????,,,https://api.edinet-fsa.go.jp/api/v2/documents/S100WRG6?type=5
S100WRN5,2025-09-26 14:17,E01438,59880.T,???????????,030001,???????????109?(2024/04/01?2025/03/31),,,https://api.edinet-fsa.go.jp/api/v2/documents/S100WRN5?type=5
S100WRK2,2025-09-26 14:17,E31030,60280.T,??????????????????,030000,?????????20?(2024/07/01?2025/06/30),2024-07-01,2025-06-30,https://api.edinet-fsa.go.jp/api/v2/documents/S100WRK2?type=5
S100WRK5,2025-09-26 14:18,E31030,60280.T,??????????????????,042000,???,,,https://api.edinet-fsa.go.jp/api/v2/documents/S100WRK5?type=5
S100WRN6,2025-09-26 14:18,E05227,,???????????????,050000,???????28?(2025/01/01?2025/12/31),2025-01-01,2025-12-31,https://api.edinet-fsa.go.jp/api/v2/documents/S100WRN6?type=5
S100WRK6,2025-09-26 14:18,E31030,60280.T,??????????????????,010000,?????????20?(2024/07/01?2025/06/30),,,https://api.edinet-fsa.go.jp/api/v2/documents/S100WRK6?type=5
S100WRNK,2025-09-26 14:21,E01438,59880.T,???????????,042100,???,,,https://api.edinet-fsa.go.jp/api/v2/documents/S100WRNK?type=5
S100WIDB,2025-09-26 14:26,E31607,,??????,020002,?????????????,,,https://api.edinet-fsa.go.jp/api/v2/documents/S100WIDB?type=5
S100WIDF,2025-09-26 14:29,E31608,,?????,020002,?????????????,,,https://api.edinet-fsa.go.jp/api/v2/documents/S100WIDF?type=5
S100WRN2,2025-09-26 14:34,E35410,,???????????????,090001,????????????????????,,,https://api.edinet-fsa.go.jp/api/v2/documents/S100WRN2?type=5
S100WRDY,2025-09-26 14:39,E00052,18010.T,????????,053000,?????,,,https://api.edinet-fsa.go.jp/api/v2/documents/S100WRDY?type=5
S100WRBH,2025-09-26 14:47,E00052,18010.T,????????,113001,???????,,,https://api.edinet-fsa.go.jp/api/v2/documents/S100WRBH?type=5
S100WRNJ,2025-09-26 14:51,E03252,74620.T,??????????,053000,?????,,,https://api.edinet-fsa.go.jp/api/v2/documents/S100WRNJ?type=5
S100WRDK,2025-09-26 14:55,E38202,71160.T,?????????,053000,?????,,,https://api.edinet-fsa.go.jp/api/v2/documents/S100WRDK?type=5
S100WROS,2025-09-26 14:56,E30200,,?????????????,100000,?????,2025-01-01,2025-12-31,https://api.edinet-fsa.go.jp/api/v2/documents/S100WROS?type=5
S100WRHN,2025-09-26 15:00,E32350,,??????????????,995000,???????????????,,,https://api.edinet-fsa.go.jp/api/v2/documents/S100WRHN?type=5
S100WROQ,2025-09-26 15:00,E37175,44180.T,????????,053000,?????,,,https://api.edinet-fsa.go.jp/api/v2/documents/S100WROQ?type=5
S100WRHT,2025-09-26 15:00,E32350,,??????????????,07B000,?????????????????18?(2025/01/01?2025/06/30),2025-01-01,2025-06-30,https://api.edinet-fsa.go.jp/api/v2/documents/S100WRHT?type=5
S100WRJZ,2025-09-26 15:02,E30880,33000.T,????????????????????,053000,?????,,,https://api.edinet-fsa.go.jp/api/v2/documents/S100WRJZ?type=5
S100WREV,2025-09-26 15:03,E34539,,????????????????????,010002,?????,,,https://api.edinet-fsa.go.jp/api/v2/documents/S100WREV?type=5
S100WRO7,2025-09-26 15:05,E36549,,????????????????????????,010002,?????,,,https://api.edinet-fsa.go.jp/api/v2/documents/S100WRO7?type=5
S100WROX,2025-09-26 15:06,E34269,,????,010002,?????,,,https://api.edinet-fsa.go.jp/api/v2/documents/S100WROX?type=5
S100WQ99,2025-09-26 15:07,E00876,34050.T,???????,090001,????????????????????,,,https://api.edinet-fsa.go.jp/api/v2/documents/S100WQ99?type=5
S100WRNM,2025-09-26 15:07,E40684,,????????????,090001,????????????????????,,,https://api.edinet-fsa.go.jp/api/v2/documents/S100WRNM?type=5
S100WR4F,2025-09-26 15:07,E05940,,?????????????????????????????,100000,?????,2025-01-01,2025-12-31,https://api.edinet-fsa.go.jp/api/v2/documents/S100WR4F?type=5
S100WRP4,2025-09-26 15:09,E36659,40680.T,????????,053000,?????,,,https://api.edinet-fsa.go.jp/api/v2/documents/S100WRP4?type=5
S100WRK4,2025-09-26 15:11,E30880,33000.T,????????????????????,053000,?????,,,https://api.edinet-fsa.go.jp/api/v2/documents/S100WRK4?type=5
S100WRP2,2025-09-26 15:18,E41018,,????????????,090001,????????????????????,,,https://api.edinet-fsa.go.jp/api/v2/documents/S100WRP2?type=5
S100WRPD,2025-09-26 15:30,E34269,,????,010002,?????,,,https://api.edinet-fsa.go.jp/api/v2/documents/S100WRPD?type=5
S100WRDC,2025-09-26 15:30,E39476,151A0.T,???????,053000,?????,,,https://api.edinet-fsa.go.jp/api/v2/documents/S100WRDC?type=5
S100WROH,2025-09-26 15:30,E41034,,???????????????,020000,???????,,,https://api.edinet-fsa.go.jp/api/v2/documents/S100WROH?type=5
S100WRMD,2025-09-26 15:30,E34514,62320.T,????????,023001,???????????????,,,https://api.edinet-fsa.go.jp/api/v2/documents/S100WRMD?type=5
S100WRHB,2025-09-26 15:30,E31588,31360.T,????????,053000,?????,,,https://api.edinet-fsa.go.jp/api/v2/documents/S100WRHB?type=5
S100WR93,2025-09-26 15:30,E05564,24770.T,?????????,053000,?????,,,https://api.edinet-fsa.go.jp/api/v2/documents/S100WR93?type=5
S100WRPK,2025-09-26 15:30,E40925,,?????????????????????,024001,????????????????,,,https://api.edinet-fsa.go.jp/api/v2/documents/S100WRPK?type=5
S100WRPB,2025-09-26 15:30,E40919,,????????,024001,????????????????,,,https://api.edinet-fsa.go.jp/api/v2/documents/S100WRPB?type=5
S100WQUS,2025-09-26 15:30,E38722,387A0.T,???????,030000,?????????15?(2024/07/01?2025/06/30),2024-07-01,2025-06-30,https://api.edinet-fsa.go.jp/api/v2/documents/S100WQUS?type=5
S100WRMH,2025-09-26 15:30,E33037,35620.T,????????,053000,?????,,,https://api.edinet-fsa.go.jp/api/v2/documents/S100WRMH?type=5
S100WRFT,2025-09-26 15:30,E39732,212A0.T,????????????,030001,???????????7?(2023/11/01?2024/10/31),,,https://api.edinet-fsa.go.jp/api/v2/documents/S100WRFT?type=5
S100WRPE,2025-09-26 15:31,E39114,55970.T,??????????????,022000,?????????????,,,https://api.edinet-fsa.go.jp/api/v2/documents/S100WRPE?type=5
S100WRE2,2025-09-26 15:31,E27047,36670.T,?????????,053000,?????,,,https://api.edinet-fsa.go.jp/api/v2/documents/S100WRE2?type=5
S100WQOW,2025-09-26 15:31,E38722,387A0.T,???????,042000,???,,,https://api.edinet-fsa.go.jp/api/v2/documents/S100WQOW?type=5
S100WRJS,2025-09-26 15:31,E35004,78030.T,?????????,053000,?????,,,https://api.edinet-fsa.go.jp/api/v2/documents/S100WRJS?type=5
S100WQ3G,2025-09-26 15:31,E35239,,???????,010002,?????,,,https://api.edinet-fsa.go.jp/api/v2/documents/S100WQ3G?type=5
S100WRMF,2025-09-26 15:31,E33037,35620.T,????????,053000,?????,,,https://api.edinet-fsa.go.jp/api/v2/documents/S100WRMF?type=5
S100WR1U,2025-09-26 15:31,E37207,42630.T,????????,030000,?????????10?(2024/07/01?2025/06/30),2024-07-01,2025-06-30,https://api.edinet-fsa.go.jp/api/v2/documents/S100WR1U?type=5
S100WQ3H,2025-09-26 15:32,E35239,,???????,010002,?????,,,https://api.edinet-fsa.go.jp/api/v2/documents/S100WQ3H?type=5
S100WQ7V,2025-09-26 15:32,E34595,,???????????????????????,010002,?????,,,https://api.edinet-fsa.go.jp/api/v2/documents/S100WQ7V?type=5
S100WRFZ,2025-09-26 15:32,E21342,15140.T,??????????????,053000,?????,,,https://api.edinet-fsa.go.jp/api/v2/documents/S100WRFZ?type=5
S100WRPW,2025-09-26 15:32,E38682,58840.T,????????,030000,?????????11?(2024/07/01?2025/06/30),2024-07-01,2025-06-30,https://api.edinet-fsa.go.jp/api/v2/documents/S100WRPW?type=5
S100WR1W,2025-09-26 15:32,E37207,42630.T,????????,042000,???,,,https://api.edinet-fsa.go.jp/api/v2/documents/S100WR1W?type=5
S100WRQ1,2025-09-26 15:33,E38682,58840.T,????????,010000,?????????11?(2024/07/01?2025/06/30),,,https://api.edinet-fsa.go.jp/api/v2/documents/S100WRQ1?type=5
S100WRQ0,2025-09-26 15:33,E38682,58840.T,????????,042000,???,,,https://api.edinet-fsa.go.jp/api/v2/documents/S100WRQ0?type=5
S100WRPS,2025-09-26 15:33,E38682,58840.T,????????,053000,?????,,,https://api.edinet-fsa.go.jp/api/v2/documents/S100WRPS?type=5
S100WRDA,2025-09-26 15:33,E40897,,???????????,020001,?????????,,,https://api.edinet-fsa.go.jp/api/v2/documents/S100WRDA?type=5
S100WQV5,2025-09-26 15:34,E26572,,??????????????????,150000,?????????????,,,https://api.edinet-fsa.go.jp/api/v2/documents/S100WQV5?type=5
S100WR1Y,2025-09-26 15:34,E37207,42630.T,????????,010000,?????????10?(2024/07/01?2025/06/30),,,https://api.edinet-fsa.go.jp/api/v2/documents/S100WR1Y?type=5
S100WR23,2025-09-26 15:35,E37207,42630.T,????????,053000,?????,,,https://api.edinet-fsa.go.jp/api/v2/documents/S100WR23?type=5
S100WRQ9,2025-09-26 15:35,E39732,212A0.T,????????????,042100,???,,,https://api.edinet-fsa.go.jp/api/v2/documents/S100WRQ9?type=5
S100WRQ8,2025-09-26 15:36,E31602,77810.T,??????????????,053000,?????,,,https://api.edinet-fsa.go.jp/api/v2/documents/S100WRQ8?type=5
S100WRH9,2025-09-26 15:36,E39732,212A0.T,????????????,023000,?????????????,,,https://api.edinet-fsa.go.jp/api/v2/documents/S100WRH9?type=5
S100WRPN,2025-09-26 15:37,E05255,43350.T,???????????????,030000,?????????29?(2024/07/01?2025/06/30),2024-07-01,2025-06-30,https://api.edinet-fsa.go.jp/api/v2/documents/S100WRPN?type=5
S100WREJ,2025-09-26 15:38,E39055,,???????,054000,?????????????????4?(2024/07/01?2025/06/30),,,https://api.edinet-fsa.go.jp/api/v2/documents/S100WREJ?type=5
S100WRPT,2025-09-26 15:38,E05255,43350.T,???????????????,010000,?????????29?(2024/07/01?2025/06/30),,,https://api.edinet-fsa.go.jp/api/v2/documents/S100WRPT?type=5
S100WRPV,2025-09-26 15:39,E05255,43350.T,???????????????,042000,???,,,https://api.edinet-fsa.go.jp/api/v2/documents/S100WRPV?type=5
S100WRQH,2025-09-26 15:39,E03361,26740.T,?????????????????,060007,???????,,,https://api.edinet-fsa.go.jp/api/v2/documents/S100WRQH?type=5
S100WRGC,2025-09-26 15:39,E26349,,????????????????????????,010002,?????,,,https://api.edinet-fsa.go.jp/api/v2/documents/S100WRGC?type=5
S100WRNI,2025-09-26 15:40,E35325,44780.T,???????,053000,?????,,,https://api.edinet-fsa.go.jp/api/v2/documents/S100WRNI?type=5
S100WRA0,2025-09-26 15:40,E05470,95140.T,????????,030000,?????????29?(2024/07/01?2025/06/30),2024-07-01,2025-06-30,https://api.edinet-fsa.go.jp/api/v2/documents/S100WRA0?type=5
S100WRAF,2025-09-26 15:42,E05470,95140.T,????????,042000,???,,,https://api.edinet-fsa.go.jp/api/v2/documents/S100WRAF?type=5
S100WRQB,2025-09-26 15:42,E01027,49170.T,????????,040000,???????,,,https://api.edinet-fsa.go.jp/api/v2/documents/S100WRQB?type=5
S100WRDT,2025-09-26 15:43,E31551,31350.T,?????????????????,030000,?????????19?(2024/07/01?2025/06/30),2024-07-01,2025-06-30,https://api.edinet-fsa.go.jp/api/v2/documents/S100WRDT?type=5
S100WRAM,2025-09-26 15:43,E05470,95140.T,????????,010000,?????????29?(2024/07/01?2025/06/30),,,https://api.edinet-fsa.go.jp/api/v2/documents/S100WRAM?type=5
S100WRE0,2025-09-26 15:44,E31551,31350.T,?????????????????,042000,???,,,https://api.edinet-fsa.go.jp/api/v2/documents/S100WRE0?type=5
S100WRNG,2025-09-26 15:45,E27047,36670.T,?????????,022000,?????????????,,,https://api.edinet-fsa.go.jp/api/v2/documents/S100WRNG?type=5
S100WRE1,2025-09-26 15:45,E31551,31350.T,?????????????????,010000,?????????19?(2024/07/01?2025/06/30),,,https://api.edinet-fsa.go.jp/api/v2/documents/S100WRE1?type=5
S100WRQA,2025-09-26 15:45,E40872,,??????????,020001,?????????,,,https://api.edinet-fsa.go.jp/api/v2/documents/S100WRQA?type=5
S100WRQC,2025-09-26 15:46,E09691,,????????????,010002,?????,,,https://api.edinet-fsa.go.jp/api/v2/documents/S100WRQC?type=5
S100WRCU,2025-09-26 15:46,E26301,36600.T,??????????,030000,?????????26?(2024/07/01?2025/06/30),2024-07-01,2025-06-30,https://api.edinet-fsa.go.jp/api/v2/documents/S100WRCU?type=5
S100WQX1,2025-09-26 15:47,E01589,67280.T,??????????,030000,?????????121?(2024/07/01?2025/06/30),2024-07-01,2025-06-30,https://api.edinet-fsa.go.jp/api/v2/documents/S100WQX1?type=5
S100WRQK,2025-09-26 15:47,E39668,196A0.T,???????,030000,?????????16?(2024/07/01?2025/06/30),2024-07-01,2025-06-30,https://api.edinet-fsa.go.jp/api/v2/documents/S100WRQK?type=5
S100WRQN,2025-09-26 15:48,E39668,196A0.T,???????,010000,?????????16?(2024/07/01?2025/06/30),,,https://api.edinet-fsa.go.jp/api/v2/documents/S100WRQN?type=5
S100WR7U,2025-09-26 15:48,E26301,36600.T,??????????,042000,???,,,https://api.edinet-fsa.go.jp/api/v2/documents/S100WR7U?type=5
S100WR37,2025-09-26 15:49,E39668,196A0.T,???????,042000,???,,,https://api.edinet-fsa.go.jp/api/v2/documents/S100WR37?type=5
S100WRK8,2025-09-26 15:49,E32725,,???????????????,07B000,?????????????????10?(2024/07/01?2025/06/30),2024-07-01,2025-06-30,https://api.edinet-fsa.go.jp/api/v2/documents/S100WRK8?type=5
S100WRES,2025-09-26 15:50,E05597,30410.T,????????????????????,030000,?????????29?(2024/07/01?2025/06/30),2024-07-01,2025-06-30,https://api.edinet-fsa.go.jp/api/v2/documents/S100WRES?type=5
S100WR82,2025-09-26 15:50,E26301,36600.T,??????????,010000,?????????26?(2024/07/01?2025/06/30),,,https://api.edinet-fsa.go.jp/api/v2/documents/S100WR82?type=5
S100WQX3,2025-09-26 15:50,E01589,67280.T,??????????,010000,?????????121?(2024/07/01?2025/06/30),,,https://api.edinet-fsa.go.jp/api/v2/documents/S100WQX3?type=5
S100WRJM,2025-09-26 15:50,E05597,30410.T,????????????????????,042000,???,,,https://api.edinet-fsa.go.jp/api/v2/documents/S100WRJM?type=5
S100WRJR,2025-09-26 15:51,E05597,30410.T,????????????????????,010000,?????????29?(2024/07/01?2025/06/30),,,https://api.edinet-fsa.go.jp/api/v2/documents/S100WRJR?type=5
S100WRGT,2025-09-26 15:51,E10152,,??????????????,090001,????????????????????,,,https://api.edinet-fsa.go.jp/api/v2/documents/S100WRGT?type=5
S100WRED,2025-09-26 15:51,E05159,84730.T,???????????????,010002,?????,,,https://api.edinet-fsa.go.jp/api/v2/documents/S100WRED?type=5
S100WQX6,2025-09-26 15:52,E01589,67280.T,??????????,042000,???,,,https://api.edinet-fsa.go.jp/api/v2/documents/S100WQX6?type=5
S100WP3L,2025-09-26 15:55,E03563,83590.T,?????????,053000,?????,,,https://api.edinet-fsa.go.jp/api/v2/documents/S100WP3L?type=5
S100WRIB,2025-09-26 15:58,E34544,44270.T,??????????,053000,?????,,,https://api.edinet-fsa.go.jp/api/v2/documents/S100WRIB?type=5
S100WQWX,2025-09-26 15:58,E22012,36320.T,???????????????,030000,?????????21?(2024/07/01?2025/06/30),2024-07-01,2025-06-30,https://api.edinet-fsa.go.jp/api/v2/documents/S100WQWX?type=5
S100WRQI,2025-09-26 15:59,E13448,,???????????????,07B000,?????????????????47?(2025/01/01?2025/06/30),2025-01-01,2025-06-30,https://api.edinet-fsa.go.jp/api/v2/documents/S100WRQI?type=5
S100WQX4,2025-09-26 15:59,E22012,36320.T,???????????????,010000,?????????21?(2024/07/01?2025/06/30),,,https://api.edinet-fsa.go.jp/api/v2/documents/S100WQX4?type=5
S100WRLD,2025-09-26 16:00,E39936,246A0.T,???????,030000,?????????31?(2024/07/01?2025/06/30),2024-07-01,2025-06-30,https://api.edinet-fsa.go.jp/api/v2/documents/S100WRLD?type=5
S100WRQP,2025-09-26 16:00,E32468,34690.T,???????????,030000,?????????19?(2024/07/01?2025/06/30),2024-07-01,2025-06-30,https://api.edinet-fsa.go.jp/api/v2/documents/S100WRQP?type=5
S100WRQT,2025-09-26 16:00,E38525,141A0.T,?????????????????,030000,?????????11?(2024/07/01?2025/06/30),2024-07-01,2025-06-30,https://api.edinet-fsa.go.jp/api/v2/documents/S100WRQT?type=5
S100WRKD,2025-09-26 16:00,E02778,99840.T,??????????????,053000,?????,,,https://api.edinet-fsa.go.jp/api/v2/documents/S100WRKD?type=5
S100WRGK,2025-09-26 16:00,E38898,39580.T,????????,053000,?????,,,https://api.edinet-fsa.go.jp/api/v2/documents/S100WRGK?type=5
S100WLVW,2025-09-26 16:00,E31344,78130.T,????????,030000,?????????33?(2024/07/01?2025/06/30),2024-07-01,2025-06-30,https://api.edinet-fsa.go.jp/api/v2/documents/S100WLVW?type=5
S100WQ5G,2025-09-26 16:00,E33040,39850.T,???????,053000,?????,,,https://api.edinet-fsa.go.jp/api/v2/documents/S100WQ5G?type=5
S100WRQ2,2025-09-26 16:00,E05673,30730.T,??????????,053000,?????,,,https://api.edinet-fsa.go.jp/api/v2/documents/S100WRQ2?type=5
S100WQUW,2025-09-26 16:00,E35393,,??????????????????,010002,?????,,,https://api.edinet-fsa.go.jp/api/v2/documents/S100WQUW?type=5
S100WR4M,2025-09-26 16:00,E03512,30820.T,???????????????,030000,?????????27?(2024/07/01?2025/06/30),2024-07-01,2025-06-30,https://api.edinet-fsa.go.jp/api/v2/documents/S100WR4M?type=5
S100WQX9,2025-09-26 16:00,E22012,36320.T,???????????????,042000,???,,,https://api.edinet-fsa.go.jp/api/v2/documents/S100WQX9?type=5
S100WQH6,2025-09-26 16:00,E39936,246A0.T,???????,010000,?????????31?(2024/07/01?2025/06/30),,,https://api.edinet-fsa.go.jp/api/v2/documents/S100WQH6?type=5
S100WRR8,2025-09-26 16:00,E38525,141A0.T,?????????????????,042000,???,,,https://api.edinet-fsa.go.jp/api/v2/documents/S100WRR8?type=5
S100WRCL,2025-09-26 16:01,E37815,50340.T,??????????,030000,?????????10?(2024/07/01?2025/06/30),2024-07-01,2025-06-30,https://api.edinet-fsa.go.jp/api/v2/documents/S100WRCL?type=5
S100WR9Z,2025-09-26 16:01,E35393,,??????????????????,020002,?????????????,,,https://api.edinet-fsa.go.jp/api/v2/documents/S100WR9Z?type=5
S100WQH8,2025-09-26 16:01,E39936,246A0.T,???????,042000,???,,,https://api.edinet-fsa.go.jp/api/v2/documents/S100WQH8?type=5
S100WRR9,2025-09-26 16:01,E38525,141A0.T,?????????????????,010000,?????????11?(2024/07/01?2025/06/30),,,https://api.edinet-fsa.go.jp/api/v2/documents/S100WRR9?type=5
S100WLVY,2025-09-26 16:01,E31344,78130.T,????????,042000,???,,,https://api.edinet-fsa.go.jp/api/v2/documents/S100WLVY?type=5
S100WR4R,2025-09-26 16:01,E03512,30820.T,???????????????,042000,???,,,https://api.edinet-fsa.go.jp/api/v2/documents/S100WR4R?type=5
S100WRQQ,2025-09-26 16:01,E02778,99840.T,??????????????,113001,???????,,,https://api.edinet-fsa.go.jp/api/v2/documents/S100WRQQ?type=5
S100WRQU,2025-09-26 16:01,E32468,34690.T,???????????,010000,?????????19?(2024/07/01?2025/06/30),,,https://api.edinet-fsa.go.jp/api/v2/documents/S100WRQU?type=5
S100WREZ,2025-09-26 16:01,E39936,246A0.T,???????,053000,?????,,,https://api.edinet-fsa.go.jp/api/v2/documents/S100WREZ?type=5
S100WRD1,2025-09-26 16:01,E37815,50340.T,??????????,042000,???,,,https://api.edinet-fsa.go.jp/api/v2/documents/S100WRD1?type=5
S100WR4P,2025-09-26 16:01,E03512,30820.T,???????????????,010000,?????????27?(2024/07/01?2025/06/30),,,https://api.edinet-fsa.go.jp/api/v2/documents/S100WR4P?type=5
S100WR75,2025-09-26 16:01,E40756,386A0.T,???????,030000,?????????71?(2024/07/01?2025/06/30),2024-07-01,2025-06-30,https://api.edinet-fsa.go.jp/api/v2/documents/S100WR75?type=5
S100WLVZ,2025-09-26 16:01,E31344,78130.T,????????,010000,?????????33?(2024/07/01?2025/06/30),,,https://api.edinet-fsa.go.jp/api/v2/documents/S100WLVZ?type=5
S100WRD2,2025-09-26 16:02,E37815,50340.T,??????????,010000,?????????10?(2024/07/01?2025/06/30),,,https://api.edinet-fsa.go.jp/api/v2/documents/S100WRD2?type=5
S100WRQX,2025-09-26 16:02,E32468,34690.T,???????????,042000,???,,,https://api.edinet-fsa.go.jp/api/v2/documents/S100WRQX?type=5
S100WRQY,2025-09-26 16:03,E32468,34690.T,???????????,053000,?????,,,https://api.edinet-fsa.go.jp/api/v2/documents/S100WRQY?type=5
S100WRAA,2025-09-26 16:04,E38898,39580.T,????????,053000,?????,,,https://api.edinet-fsa.go.jp/api/v2/documents/S100WRAA?type=5
S100WRA7,2025-09-26 16:05,E03118,82780.T,??????,030001,???????????58?(2024/03/01?2025/02/28),,,https://api.edinet-fsa.go.jp/api/v2/documents/S100WRA7?type=5
S100WRET,2025-09-26 16:05,E39750,,??????????,06A000,??????????????????,,,https://api.edinet-fsa.go.jp/api/v2/documents/S100WRET?type=5
S100WR2U,2025-09-26 16:06,E33232,39860.T,???????????????,030000,?????????23?(2024/07/01?2025/06/30),2024-07-01,2025-06-30,https://api.edinet-fsa.go.jp/api/v2/documents/S100WR2U?type=5
S100WRAG,2025-09-26 16:06,E03118,82780.T,??????,042001,?????,,,https://api.edinet-fsa.go.jp/api/v2/documents/S100WRAG?type=5
S100WQTD,2025-09-26 16:06,E24593,,?????????????,100000,?????,2025-01-01,2025-12-31,https://api.edinet-fsa.go.jp/api/v2/documents/S100WQTD?type=5
S100WRGI,2025-09-26 16:06,E39488,176A0.T,???????,053000,?????,,,https://api.edinet-fsa.go.jp/api/v2/documents/S100WRGI?type=5
S100WR1N,2025-09-26 16:06,E33232,39860.T,???????????????,042000,???,,,https://api.edinet-fsa.go.jp/api/v2/documents/S100WR1N?type=5
S100WPNL,2025-09-26 16:06,E40756,386A0.T,???????,042000,???,,,https://api.edinet-fsa.go.jp/api/v2/documents/S100WPNL?type=5
S100WR1Q,2025-09-26 16:08,E33232,39860.T,???????????????,010000,?????????23?(2024/07/01?2025/06/30),,,https://api.edinet-fsa.go.jp/api/v2/documents/S100WR1Q?type=5
S100WRRF,2025-09-26 16:08,E31573,39160.T,?????????????????????????,053000,?????,,,https://api.edinet-fsa.go.jp/api/v2/documents/S100WRRF?type=5
S100WRCP,2025-09-26 16:11,E30513,,?????????,07B000,?????????????????26?(2025/01/01?2025/06/30),2025-01-01,2025-06-30,https://api.edinet-fsa.go.jp/api/v2/documents/S100WRCP?type=5
S100WRJN,2025-09-26 16:12,E40420,331A0.T,??????????,053000,?????,,,https://api.edinet-fsa.go.jp/api/v2/documents/S100WRJN?type=5
S100WQJG,2025-09-26 16:14,E05748,,?????????????????????????????,082300,?????????,2025-01-01,2025-12-31,https://api.edinet-fsa.go.jp/api/v2/documents/S100WQJG?type=5
S100WRRI,2025-09-26 16:15,E38512,55300.T,?????????????,053000,?????,,,https://api.edinet-fsa.go.jp/api/v2/documents/S100WRRI?type=5
S100WR9G,2025-09-26 16:16,E33098,,????????????,054000,?????????????????17?(2024/07/01?2025/06/30),,,https://api.edinet-fsa.go.jp/api/v2/documents/S100WR9G?type=5
S100WQV6,2025-09-26 16:18,E32815,39680.T,???????????,010002,?????,,,https://api.edinet-fsa.go.jp/api/v2/documents/S100WQV6?type=5
S100WRRN,2025-09-26 16:19,E24340,32710.T,??????????????,053000,?????,,,https://api.edinet-fsa.go.jp/api/v2/documents/S100WRRN?type=5
S100WRRM,2025-09-26 16:20,E39473,156A0.T,?????????????,053000,?????,,,https://api.edinet-fsa.go.jp/api/v2/documents/S100WRRM?type=5
S100WRPQ,2025-09-26 16:20,E38523,29620.T,?????????,030000,?????????57?(2024/07/01?2025/06/30),2024-07-01,2025-06-30,https://api.edinet-fsa.go.jp/api/v2/documents/S100WRPQ?type=5
S100WRPR,2025-09-26 16:21,E38523,29620.T,?????????,042000,???,,,https://api.edinet-fsa.go.jp/api/v2/documents/S100WRPR?type=5
S100WRPU,2025-09-26 16:22,E38523,29620.T,?????????,010000,?????????57?(2024/07/01?2025/06/30),,,https://api.edinet-fsa.go.jp/api/v2/documents/S100WRPU?type=5
S100WRPJ,2025-09-26 16:23,E03810,,????????,010002,?????,,,https://api.edinet-fsa.go.jp/api/v2/documents/S100WRPJ?type=5
S100WLDG,2025-09-26 16:24,E05041,94490.T,??????????????????,010000,???????,,,https://api.edinet-fsa.go.jp/api/v2/documents/S100WLDG?type=5
S100WRAY,2025-09-26 16:25,E04740,,???????????????,030000,?????????20?(2024/07/01?2025/06/30),2024-07-01,2025-06-30,https://api.edinet-fsa.go.jp/api/v2/documents/S100WRAY?type=5
S100WRP5,2025-09-26 16:26,E26446,60610.T,?????????????,030000,?????????52?(2024/07/01?2025/06/30),2024-07-01,2025-06-30,https://api.edinet-fsa.go.jp/api/v2/documents/S100WRP5?type=5
S100WRP8,2025-09-26 16:28,E26446,60610.T,?????????????,042000,???,,,https://api.edinet-fsa.go.jp/api/v2/documents/S100WRP8?type=5
S100WRRL,2025-09-26 16:28,E39640,194A0.T,???????????????,030000,?????????7?(2024/07/01?2025/06/30),2024-07-01,2025-06-30,https://api.edinet-fsa.go.jp/api/v2/documents/S100WRRL?type=5
S100WRPA,2025-09-26 16:29,E26446,60610.T,?????????????,010000,?????????52?(2024/07/01?2025/06/30),,,https://api.edinet-fsa.go.jp/api/v2/documents/S100WRPA?type=5
S100WRAN,2025-09-26 16:30,E02170,72260.T,??????????,053000,?????,,,https://api.edinet-fsa.go.jp/api/v2/documents/S100WRAN?type=5
S100WRRU,2025-09-26 16:30,E39640,194A0.T,???????????????,010000,?????????7?(2024/07/01?2025/06/30),,,https://api.edinet-fsa.go.jp/api/v2/documents/S100WRRU?type=5
S100WRGR,2025-09-26 16:30,E40151,,??????????,010002,?????,,,https://api.edinet-fsa.go.jp/api/v2/documents/S100WRGR?type=5
S100WR3P,2025-09-26 16:31,E02782,99910.T,????????,053000,?????,,,https://api.edinet-fsa.go.jp/api/v2/documents/S100WR3P?type=5
S100WRRW,2025-09-26 16:31,E39640,194A0.T,???????????????,042000,???,,,https://api.edinet-fsa.go.jp/api/v2/documents/S100WRRW?type=5
S100WRS2,2025-09-26 16:31,E36666,40730.T,???????????,053000,?????,,,https://api.edinet-fsa.go.jp/api/v2/documents/S100WRS2?type=5
S100WRLU,2025-09-26 16:32,E31042,34450.T,???????????????????,053000,?????,,,https://api.edinet-fsa.go.jp/api/v2/documents/S100WRLU?type=5
S100WRLY,2025-09-26 16:33,E31042,34450.T,???????????????????,053000,?????,,,https://api.edinet-fsa.go.jp/api/v2/documents/S100WRLY?type=5
S100WRS0,2025-09-26 16:34,E05470,95140.T,????????,053000,?????,,,https://api.edinet-fsa.go.jp/api/v2/documents/S100WRS0?type=5
S100WRS5,2025-09-26 16:35,E32683,65420.T,??????????????,040001,?????????,,,https://api.edinet-fsa.go.jp/api/v2/documents/S100WRS5?type=5